1,Evonne,Glendinning
2,Nichole,Wratten
3,Delly,Astall
4,Timotheus,Ince
5,Cybill,Cowans
6,Glen,London
7,Ferrel,Duffrie
8,Helenka,Degue
9,Felike,Butts
10,Trude,Ralfe
11,Chryste,Birchett
12,Joana,Semeradova
13,Yehudit,Tofano
14,Heath,Fitzhenry
15,Sayre,Augur
16,Gwenette,Tooze
17,Stormie,Barhems
18,Helenelizabeth,Korda
19,Iver,Manser
20,Griffith,Simione
21,Lanae,Sugg
22,Waverly,Girton
23,Gabriell,Flode
24,Liv,Byford
25,Jodi,Capstake
26,Elmira,Shipston
27,Jervis,Rainbird
28,Anthe,Bothams
29,Nicol,Warwicker
30,Mellisent,Gipp
31,Odette,Bleyman
32,Jaymee,Churn
33,Garret,Lamberteschi
34,Rianon,Flann
35,Chan,Anshell
36,Veronike,Paxeford
37,Anetta,Hixson
38,Shane,Condict
39,Cleavland,Cleave
40,Elden,Scourgie
41,Freddi,Kemme
42,Kirstyn,Tuddenham
43,Javier,Prettyjohns
44,Christan,MacKeogh
45,Clio,Brun
46,Vannie,Farthin
47,Bibby,Volcker
48,Edin,Taylor
49,Ericha,Corre
50,Sherry,Oates
51,Shela,Aston
52,Martino,Lowing
53,Lanny,Gluyas
54,Rosana,Amdohr
55,Carolin,Martellini
56,Sibylle,Storr
57,Blanch,Swainger
58,Leicester,Ferrulli
59,Gerardo,Klaaasen
60,Ernestine,Maunsell
61,Daisie,Bohden
62,Carmela,Cartlidge
63,Philip,Lutman
64,Beckie,Toulch
65,Harli,Skellion
66,Ardisj,Ballintyne
67,Rob,Ruler
68,Mathew,Tick
69,Elnar,Hasel
70,Collete,Cansdale
71,Ruthe,Gwillym
72,Nicki,Hacket
73,Jules,Lanfear
74,Dianemarie,McCullen
75,Silvano,Williamson
76,Randolph,Naptin
77,Annmarie,Langfitt
78,Daron,Treeby
79,Haleigh,Brandassi
80,Heinrik,Lambden
81,Kenny,Boldry
82,Nevsa,Delieu
83,Marika,Conahy
84,Parke,Wellbank
85,Trumann,Bauduccio
86,Franni,Hoonahan
87,Hervey,Rainton
88,Hermie,Albery
89,Davon,Daintrey
90,Calli,Keaton
91,Clifford,Blazy
92,Kiersten,Philippard
93,Carolin,Deary
94,Tania,Hazlegrove
95,Stesha,Sampey
96,Christin,Rotge
97,Aleece,Noen
98,Heida,Bastide
99,Hunfredo,Tournay
100,Cheri,Ineson